{
  "$schema": "https://schema.management.azure.com/schemas/2015-01-01/deploymentTemplate.json#",
  "contentVersion": "1.0.0.0",
  "parameters": {
    // Base resource name -> This will become a part of all URIs and names
    // This needs to be as unique as possible to represent the organization/product
    // Limit this to 15 characters (only alpha numeric characters)
    "base_Resource_Name": {
      "defaultValue": "ProjectTokyo",
      "type": "string",
      "maxLength": 15
    },

    // Environments -> Deployment slots will be created for every environment listed here
    /*
    For Non-Prod, use the below:
      [
        "Dev",
        "Next",
        "Preview",
        "Future"
        // "Release" is the default, "nameless" slot; so no need to add that
      ]

    For Prod, use the below:
      [
        "Stage"
        // "Prod" is the default, "nameless" slot; so no need to add that
      ]
    */
    "environments": {
      "defaultValue": [
        "Dev",
        "Next",
        "Preview",
        "Future"
        // Release is the default, "nameless" slot; so no need to add that
      ],
      "type": "array",
      "maxLength": 4
    }
  },

  "variables": {

    "vnetName": "[concat('VNET-', parameters('base_Resource_Name'))]",

    "appInsightsPortalName": "[concat('AppInsights-', parameters('base_Resource_Name'), 'Portal')]",
    "appInsightsBiddingName": "[concat('AppInsights-', parameters('base_Resource_Name'), 'Bidding')]",
    "appInsightsIdentityName": "[concat('AppInsights-', parameters('base_Resource_Name'), 'Identity')]",

    "appServicePlanNames": [
      "[concat('AppServicePlan-', parameters('base_Resource_Name'), 'Portal')]",
      "[concat('AppServicePlan-', parameters('base_Resource_Name'), 'Bidding')]",
      "[concat('AppServicePlan-', parameters('base_Resource_Name'), 'Identity')]"
    ],

    "webAppPortalName": "[concat(parameters('base_Resource_Name'), 'Portal')]",
    "apiServiceBiddingName": "[concat(parameters('base_Resource_Name'), 'Bidding')]",
    "apiServiceIdentityName": "[concat(parameters('base_Resource_Name'), 'Identity')]",

    "appSettingsProperties": {
      "APPINSIGHTS_JAVASCRIPT_ENABLED": "true",
      "APPINSIGHTS_INSTRUMENTATIONKEY": "<InstrumentationKeyPerAppPerSlot>",
      "WEBSITE_LOAD_CERTIFICATES": "*",
      "CertificateThumbprint": "<CertificateThumbprintGoesHere>",
      "APIAuthUserName": "<APIAuthUserName>",
      "APIAuthPassword": "<APIAuthPassword>",
      "AESPassword": "<AESPassword>",
      "AESSalt": "<AESSalt>",
      "TwilioAccountSid": "<TwilioAccountSid>",
      "TwilioAuthToken": "<TwilioAuthToken>",
      "TwilioFromPhoneNumber": "<TwilioFromPhoneNumber>",
      "SendGridAPIKey": "<SendGridAPIKey>",
      "ServiceBusEndpoint": "<ServiceBusEndpoint>",
      "DirectAccessURL": "<DirectAccessURL>"
    },

    "connStringsProperties": {
      "BiddingDBContext": {
        "value": "Data Source=tcp:projecttokyodev.database.windows.net,1433; User ID=<UserID>; Password=<Pwd>; Initial Catalog=ProjectTokyoDBDev; ",
        "type": "SQLAzure"
      }
    },

    "siteConfigProperties": {
      "netFrameworkVersion": "v4.7",
      "use32BitWorkerProcess": false, // 64-bit platform
      "webSocketsEnabled": true,
      "alwaysOn": true,
      "requestTracingEnabled": true, // Failed request tracing
      "httpLoggingEnabled": true, // IIS logs (aka Web server logging)
      "logsDirectorySizeLimit": 40, // 40 MB limit for IIS logs
      "detailedErrorLoggingEnabled": true, // Detailed error messages
      "remoteDebuggingEnabled": false,
      "defaultDocuments": [
        "index.html",
        "hostingstart.html"
      ]
    }
  },

  "resources": [
    {
      "type": "Microsoft.Insights/autoscalesettings",
      "name": "[concat('AutoScale-', variables('appServicePlanNames')[copyIndex()])]",
      "apiVersion": "2014-04-01",
      "location": "[resourceGroup().location]",
      "tags": {
        "displayName": "AutoScaleSettings"
      },
      "scale": null,
      "properties": {
        "profiles": [
          {
            "name": "AutoScaleCondition",
            "capacity": {
              "minimum": 3,
              "maximum": 10,
              "default": 4
            },
            "rules": [
              {
                "metricTrigger": {
                  "metricName": "CpuPercentage",
                  "metricNamespace": "",
                  "metricResourceUri": "[resourceId('Microsoft.Web/serverfarms', variables('appServicePlanNames')[copyIndex()])]",
                  "timeGrain": "PT1M",
                  "statistic": "Average",
                  "timeWindow": "PT10M",
                  "timeAggregation": "Average",
                  "operator": "GreaterThanOrEqual",
                  "threshold": 60
                },
                "scaleAction": {
                  "direction": "Increase",
                  "type": "ChangeCount",
                  "value": 1,
                  "cooldown": "PT5M"
                }
              },
              {
                "metricTrigger": {
                  "metricName": "MemoryPercentage",
                  "metricNamespace": "",
                  "metricResourceUri": "[resourceId('Microsoft.Web/serverfarms', variables('appServicePlanNames')[copyIndex()])]",
                  "timeGrain": "PT1M",
                  "statistic": "Average",
                  "timeWindow": "PT10M",
                  "timeAggregation": "Average",
                  "operator": "GreaterThanOrEqual",
                  "threshold": 60
                },
                "scaleAction": {
                  "direction": "Increase",
                  "type": "ChangeCount",
                  "value": 1,
                  "cooldown": "PT5M"
                }
              },
              {
                "metricTrigger": {
                  "metricName": "CpuPercentage",
                  "metricNamespace": "",
                  "metricResourceUri": "[resourceId('Microsoft.Web/serverfarms', variables('appServicePlanNames')[copyIndex()])]",
                  "timeGrain": "PT1M",
                  "statistic": "Average",
                  "timeWindow": "PT10M",
                  "timeAggregation": "Average",
                  "operator": "LessThan",
                  "threshold": 60
                },
                "scaleAction": {
                  "direction": "Decrease",
                  "type": "ChangeCount",
                  "value": 1,
                  "cooldown": "PT5M"
                }
              },
              {
                "metricTrigger": {
                  "metricName": "MemoryPercentage",
                  "metricNamespace": "",
                  "metricResourceUri": "[resourceId('Microsoft.Web/serverfarms', variables('appServicePlanNames')[copyIndex()])]",
                  "timeGrain": "PT1M",
                  "statistic": "Average",
                  "timeWindow": "PT10M",
                  "timeAggregation": "Average",
                  "operator": "LessThan",
                  "threshold": 60
                },
                "scaleAction": {
                  "direction": "Decrease",
                  "type": "ChangeCount",
                  "value": 1,
                  "cooldown": "PT5M"
                }
              }
            ]
          }
        ],
        "enabled": true,
        "targetResourceUri": "[resourceId('Microsoft.Web/serverfarms', variables('appServicePlanNames')[copyIndex()])]"
      },
      "dependsOn": [
        "[resourceId('Microsoft.Web/serverfarms', variables('appServicePlanNames')[copyIndex()])]"
      ],
      "copy": {
        "name": "autoScaleSettings",
        "count": "[length(variables('appServicePlanNames'))]"
      }
    },
    {
      "type": "Microsoft.Insights/components",
      "kind": "web",
      "name": "[variables('appInsightsPortalName')]",
      "apiVersion": "2015-05-01",
      "location": "East US",
      "tags": {
        "displayName": "AppInsightsWebApp"
      },
      "scale": null,
      "properties": {
        "Application_Type": "other"
      },
      "dependsOn": []
    },
    {
      "type": "Microsoft.Insights/components",
      "kind": "web",
      "name": "[variables('appInsightsBiddingName')]",
      "apiVersion": "2015-05-01",
      "location": "East US",
      "tags": {
        "displayName": "AppInsightsBiddingAPIService"
      },
      "scale": null,
      "properties": {},
      "dependsOn": []
    },
    {
      "type": "Microsoft.Insights/components",
      "kind": "web",
      "name": "[variables('appInsightsIdentityName')]",
      "apiVersion": "2015-05-01",
      "location": "East US",
      "tags": {
        "displayName": "AppInsightsIdentityAPIService"
      },
      "scale": null,
      "properties": {},
      "dependsOn": []
    },
    {
      "type": "Microsoft.Insights/components",
      "kind": "web",
      "name": "[concat(variables('appInsightsPortalName'), parameters('environments')[copyIndex()])]",
      "apiVersion": "2015-05-01",
      "location": "East US",
      "tags": {
        "displayName": "AppInsightsWebAppSlot"
      },
      "scale": null,
      "properties": {
        "Application_Type": "other"
      },
      "dependsOn": [],
      "copy": {
        "name": "appInsightsWebAppSlot",
        "count": "[length(parameters('environments'))]"
      }
    },
    {
      "type": "Microsoft.Insights/components",
      "kind": "web",
      "name": "[concat(variables('appInsightsBiddingName'), parameters('environments')[copyIndex()])]",
      "apiVersion": "2015-05-01",
      "location": "East US",
      "tags": {
        "displayName": "AppInsightsBiddingAPIServiceSlot"
      },
      "scale": null,
      "properties": {},
      "dependsOn": [],
      "copy": {
        "name": "appInsightsBiddingAPISlot",
        "count": "[length(parameters('environments'))]"
      }
    },
    {
      "type": "Microsoft.Insights/components",
      "kind": "web",
      "name": "[concat(variables('appInsightsIdentityName'), parameters('environments')[copyIndex()])]",
      "apiVersion": "2015-05-01",
      "location": "East US",
      "tags": {
        "displayName": "AppInsightsIdentityAPIServiceSlot"
      },
      "scale": null,
      "properties": {},
      "dependsOn": [],
      "copy": {
        "name": "appInsightsIdentityAPISlot",
        "count": "[length(parameters('environments'))]"
      }
    },
    {
      "type": "Microsoft.Network/virtualNetworks",
      "name": "[variables('vnetName')]",
      "apiVersion": "2017-03-01",
      "location": "[resourceGroup().location]",
      "scale": null,
      "tags": {
        "displayName": "VirtualNetwork"
      },
      "properties": {
        "addressSpace": {
          "addressPrefixes": [
            "10.0.0.0/23"
          ]
        },
        "subnets": [
          {
            "name": "AppServices",
            "properties": {
              "addressPrefix": "10.0.0.0/25"
            }
          },
          {
            "name": "GatewaySubnet",
            "properties": {
              "addressPrefix": "10.0.1.0/25"
            }
          }
        ],
        "virtualNetworkPeerings": []
      },
      "dependsOn": []
    },
    {
      "type": "Microsoft.Web/serverfarms",
      "sku": {
        "name": "S3"
      },
      "kind": "app",
      "name": "[variables('appServicePlanNames')[copyIndex()]]",
      "apiVersion": "2015-08-01",
      "location": "[resourceGroup().location]",
      "tags": {
        "displayName": "AppServicePlan"
      },
      "properties": {},
      "dependsOn": [],
      "copy": {
        "name": "appServicePlan",
        "count": "[length(variables('appServicePlanNames'))]"
      }
    },
    {
      "type": "Microsoft.Web/sites",
      "kind": "app",
      "name": "[variables('webAppPortalName')]",
      "apiVersion": "2016-08-01",
      "location": "[resourceGroup().location]",
      "tags": {
        "displayName": "WebApp"
      },
      "scale": null,
      "properties": {
        "serverFarmId": "[resourceId('Microsoft.Web/serverfarms', variables('appServicePlanNames')[0])]",
        "clientAffinityEnabled": false // Switch off ARR Affinity, as we have only stateless services
      },
      "resources": [
        {
          "apiVersion": "2016-08-01",
          "name": "web",
          "type": "config",
          "dependsOn": [
            "[resourceId('Microsoft.Web/Sites', variables('webAppPortalName'))]"
          ],
          "properties": "[variables('siteConfigProperties')]"
        },
        {
          "apiVersion": "2016-08-01",
          "name": "appsettings",
          "type": "config",
          "dependsOn": [
            "[resourceId('Microsoft.Web/Sites', variables('webAppPortalName'))]"
          ],
          "properties": "[variables('appSettingsProperties')]"
        },
        {
          "apiVersion": "2016-08-01",
          "name": "connectionstrings",
          "type": "config",
          "dependsOn": [
            "[resourceId('Microsoft.Web/Sites', variables('webAppPortalName'))]"
          ],
          "properties": "[variables('connStringsProperties')]"
        }
      ],
      "dependsOn": [
        "[resourceId('Microsoft.Web/serverfarms', variables('appServicePlanNames')[0])]"
      ]
    },
    {
      "type": "Microsoft.Web/sites",
      "kind": "api",
      "name": "[variables('apiServiceBiddingName')]",
      "apiVersion": "2015-08-01",
      "tags": {
        "displayName": "BiddingAPIService"
      },
      "location": "[resourceGroup().location]",
      "scale": null,
      "properties": {
        "serverFarmId": "[resourceId('Microsoft.Web/serverfarms', variables('appServicePlanNames')[1])]",
        "clientAffinityEnabled": false // Switch off ARR Affinity, as we have only stateless services
      },
      "resources": [
        {
          "apiVersion": "2016-08-01",
          "name": "web",
          "type": "config",
          "dependsOn": [
            "[resourceId('Microsoft.Web/Sites', variables('apiServiceBiddingName'))]"
          ],
          "properties": "[variables('siteConfigProperties')]"
        },
        {
          "apiVersion": "2016-08-01",
          "name": "appsettings",
          "type": "config",
          "dependsOn": [
            "[resourceId('Microsoft.Web/Sites', variables('apiServiceBiddingName'))]"
          ],
          "properties": "[variables('appSettingsProperties')]"
        },
        {
          "apiVersion": "2016-08-01",
          "name": "connectionstrings",
          "type": "config",
          "dependsOn": [
            "[resourceId('Microsoft.Web/Sites', variables('apiServiceBiddingName'))]"
          ],
          "properties": "[variables('connStringsProperties')]"
        }
      ],
      "dependsOn": [
        "[resourceId('Microsoft.Web/serverfarms', variables('appServicePlanNames')[1])]"
      ]
    },
    {
      "type": "Microsoft.Web/sites",
      "kind": "api",
      "name": "[variables('apiServiceIdentityName')]",
      "apiVersion": "2015-08-01",
      "location": "[resourceGroup().location]",
      "tags": {
        "displayName": "IdentityAPIService"
      },
      "scale": null,
      "properties": {
        "serverFarmId": "[resourceId('Microsoft.Web/serverfarms', variables('appServicePlanNames')[2])]",
        "clientAffinityEnabled": false // Switch off ARR Affinity, as we have only stateless services
      },
      "resources": [
        {
          "apiVersion": "2016-08-01",
          "name": "web",
          "type": "config",
          "dependsOn": [
            "[resourceId('Microsoft.Web/Sites', variables('apiServiceIdentityName'))]"
          ],
          "properties": "[variables('siteConfigProperties')]"
        },
        {
          "apiVersion": "2016-08-01",
          "name": "appsettings",
          "type": "config",
          "dependsOn": [
            "[resourceId('Microsoft.Web/Sites', variables('apiServiceIdentityName'))]"
          ],
          "properties": "[variables('appSettingsProperties')]"
        },
        {
          "apiVersion": "2016-08-01",
          "name": "connectionstrings",
          "type": "config",
          "dependsOn": [
            "[resourceId('Microsoft.Web/Sites', variables('apiServiceIdentityName'))]"
          ],
          "properties": "[variables('connStringsProperties')]"
        }
      ],
      "dependsOn": [
        "[resourceId('Microsoft.Web/serverfarms', variables('appServicePlanNames')[2])]"
      ]
    },
    {
      "apiVersion": "2016-08-01",
      "name": "[concat(variables('webAppPortalName'), '/', parameters('environments')[copyIndex()])]",
      "type": "Microsoft.Web/sites/slots",
      "kind": "app",
      "location": "[resourceGroup().location]",
      "tags": {
        "displayName": "WebAppSlots"
      },
      "properties": {
        "clientAffinityEnabled": false, // Switch off ARR Affinity, as we have only stateless services
        "serverFarmId": "[resourceId('Microsoft.Web/serverfarms', variables('appServicePlanNames')[0])]"
      },
      "resources": [
        {
          "apiVersion": "2016-08-01",
          "name": "web",
          "type": "config",
          "dependsOn": [
            "[resourceId('Microsoft.Web/Sites/Slots', variables('webAppPortalName'), parameters('environments')[copyIndex()])]"
          ],
          "properties": "[variables('siteConfigProperties')]"
        },
        {
          "apiVersion": "2016-08-01",
          "name": "appsettings",
          "type": "config",
          "dependsOn": [
            "[resourceId('Microsoft.Web/Sites/Slots', variables('webAppPortalName'), parameters('environments')[copyIndex()])]"
          ],
          "properties": "[variables('appSettingsProperties')]"
        },
        {
          "apiVersion": "2016-08-01",
          "name": "connectionstrings",
          "type": "config",
          "dependsOn": [
            "[resourceId('Microsoft.Web/Sites/Slots', variables('webAppPortalName'), parameters('environments')[copyIndex()])]"
          ],
          "properties": "[variables('connStringsProperties')]"
        }
      ],
      "dependsOn": [
        "[resourceId('Microsoft.Web/Sites', variables('webAppPortalName'))]"
      ],
      "copy": {
        "name": "webPortalSlot",
        "count": "[length(parameters('environments'))]"
      }
    },
    {
      "apiVersion": "2016-08-01",
      "name": "[concat(variables('apiServiceBiddingName'), '/', parameters('environments')[copyIndex()])]",
      "type": "Microsoft.Web/sites/slots",
      "kind": "api",
      "location": "[resourceGroup().location]",
      "tags": {
        "displayName": "BiddingAPIServiceSlots"
      },
      "properties": {
        "clientAffinityEnabled": false, // Switch off ARR Affinity, as we have only stateless services
        "serverFarmId": "[resourceId('Microsoft.Web/serverfarms', variables('appServicePlanNames')[1])]"
      },
      "resources": [
        {
          "apiVersion": "2016-08-01",
          "name": "web",
          "type": "config",
          "dependsOn": [
            "[resourceId('Microsoft.Web/Sites/Slots', variables('apiServiceBiddingName'), parameters('environments')[copyIndex()])]"
          ],
          "properties": "[variables('siteConfigProperties')]"
        },
        {
          "apiVersion": "2016-08-01",
          "name": "appsettings",
          "type": "config",
          "dependsOn": [
            "[resourceId('Microsoft.Web/Sites/Slots', variables('apiServiceBiddingName'), parameters('environments')[copyIndex()])]"
          ],
          "properties": "[variables('appSettingsProperties')]"
        },
        {
          "apiVersion": "2016-08-01",
          "name": "connectionstrings",
          "type": "config",
          "dependsOn": [
            "[resourceId('Microsoft.Web/Sites/Slots', variables('apiServiceBiddingName'), parameters('environments')[copyIndex()])]"
          ],
          "properties": "[variables('connStringsProperties')]"
        }
      ],
      "dependsOn": [
        "[resourceId('Microsoft.Web/Sites', variables('apiServiceBiddingName'))]"
      ],
      "copy": {
        "name": "biddingAPISlot",
        "count": "[length(parameters('environments'))]"
      }
    },
    {
      "apiVersion": "2016-08-01",
      "name": "[concat(variables('apiServiceIdentityName'), '/', parameters('environments')[copyIndex()])]",
      "type": "Microsoft.Web/sites/slots",
      "kind": "api",
      "location": "[resourceGroup().location]",
      "tags": {
        "displayName": "IdentityAPIServiceSlots"
      },
      "properties": {
        "clientAffinityEnabled": false, // Switch off ARR Affinity, as we have only stateless services
        "serverFarmId": "[resourceId('Microsoft.Web/serverfarms', variables('appServicePlanNames')[2])]"
      },
      "resources": [
        {
          "apiVersion": "2016-08-01",
          "name": "web",
          "type": "config",
          "dependsOn": [
            "[resourceId('Microsoft.Web/Sites/Slots', variables('apiServiceIdentityName'), parameters('environments')[copyIndex()])]"
          ],
          "properties": "[variables('siteConfigProperties')]"
        },
        {
          "apiVersion": "2016-08-01",
          "name": "appsettings",
          "type": "config",
          "dependsOn": [
            "[resourceId('Microsoft.Web/Sites/Slots', variables('apiServiceIdentityName'), parameters('environments')[copyIndex()])]"
          ],
          "properties": "[variables('appSettingsProperties')]"
        },
        {
          "apiVersion": "2016-08-01",
          "name": "connectionstrings",
          "type": "config",
          "dependsOn": [
            "[resourceId('Microsoft.Web/Sites/Slots', variables('apiServiceIdentityName'), parameters('environments')[copyIndex()])]"
          ],
          "properties": "[variables('connStringsProperties')]"
        }
      ],
      "dependsOn": [
        "[resourceId('Microsoft.Web/Sites', variables('apiServiceIdentityName'))]"
      ],
      "copy": {
        "name": "identityAPISlot",
        "count": "[length(parameters('environments'))]"
      }
    }
  ]
}
