{
  "$schema": "https://schema.management.azure.com/schemas/2015-01-01/deploymentParameters.json#",
  "contentVersion": "1.0.0.0",
  "parameters": {
    // Base resource name -> This will become a part of all URIs and names
    // This needs to be as unique as possible to represent the organization/product
    // Limit this to 15 characters (only alpha numeric characters)
    "base_Resource_Name": {
      "value": "ProjectTokyo"
    },

    // Environments -> Deployment slots will be created for every environment listed here
    "environments": {
      "value": [
        "Dev",
        "Next",
        "Preview",
        "Future"
        // "Release" is the default, "nameless" slot; so no need to add that
      ]
    }
  }
}
