{
  "version": "0.3",
  "definition": {
    "build": [
      {
        "environment": {},
        "enabled": true,
        "continueOnError": false,
        "alwaysRun": false,
        "displayName": "NuGet Restore: Solution (Next)",
        "timeoutInMinutes": 0,
        "refName": "NuGetCommand1",
        "task": {
          "id": "333b11bd-d341-40d9-afcf-b32d5ce6f23b",
          "versionSpec": "0.*",
          "definitionType": "task"
        },
        "inputs": {
          "solution": "$(Parameters.solution)",
          "nugetConfigPath": "",
          "restoreMode": "restore",
          "noCache": "false",
          "nuGetRestoreArgs": "",
          "verbosity": "-",
          "nuGetVersion": "4.0.0.2283",
          "nuGetPath": ""
        }
      },
      {
        "environment": {},
        "enabled": true,
        "continueOnError": false,
        "alwaysRun": false,
        "displayName": "Build: Solution (Next)",
        "timeoutInMinutes": 0,
        "refName": "VSBuild2",
        "task": {
          "id": "71a9a2d3-a98a-4caa-96ab-affca411ecda",
          "versionSpec": "1.*",
          "definitionType": "task"
        },
        "inputs": {
          "solution": "$(Parameters.solution)",
          "vsVersion": "latest",
          "msbuildArgs": "/p:DeployOnBuild=true /p:WebPublishMethod=Package /p:PackageAsSingleFile=true /p:SkipInvalidConfigurations=true /p:PackageLocation=\"$(Build.ArtifactStagingDirectory)\\\\\"",
          "platform": "$(BuildPlatform)",
          "configuration": "$(BuildConfiguration)",
          "clean": "false",
          "maximumCpuCount": "false",
          "restoreNugetPackages": "false",
          "msbuildArchitecture": "x64",
          "logProjectEvents": "true",
          "createLogFile": "true"
        }
      },
      {
        "environment": {},
        "enabled": true,
        "continueOnError": false,
        "alwaysRun": false,
        "displayName": "Run VS Test: Solution (Next)",
        "timeoutInMinutes": 0,
        "refName": "VSTest3",
        "task": {
          "id": "ef087383-ee5e-42c7-9a53-ab56c98420f9",
          "versionSpec": "2.*",
          "definitionType": "task"
        },
        "inputs": {
          "testSelector": "testAssemblies",
          "testAssemblyVer2": "**\\$(BuildConfiguration)\\*test*.dll\n!**\\obj\\**",
          "testPlan": "",
          "testSuite": "",
          "testConfiguration": "",
          "tcmTestRun": "$(test.RunId)",
          "searchFolder": "$(System.DefaultWorkingDirectory)",
          "testFiltercriteria": "",
          "runOnlyImpactedTests": "False",
          "runAllTestsAfterXBuilds": "50",
          "uiTests": "false",
          "vstestLocationMethod": "version",
          "vsTestVersion": "latest",
          "vstestLocation": "vstest.console.exe \"C:\\Project\\bin\\x64\\Release\\Project.UnitTests.dll\" \"C:\\Project\\bin\\x64\\Release\\*.UnitTests.dll\" /platform:x64 /logger:trx",
          "runSettingsFile": "",
          "overrideTestrunParameters": "",
          "runInParallel": "false",
          "runTestsInIsolation": "False",
          "pathtoCustomTestAdapters": "",
          "codeCoverageEnabled": "true",
          "otherConsoleOptions": "/Platform:x64 /Logger:trx",
          "testRunTitle": "",
          "platform": "$(BuildPlatform)",
          "configuration": "$(BuildConfiguration)",
          "publishRunAttachments": "true"
        }
      },
      {
        "environment": {},
        "enabled": true,
        "continueOnError": false,
        "alwaysRun": false,
        "displayName": "Install NPM Packages: ProjectTokyoPortal (Next)",
        "timeoutInMinutes": 0,
        "refName": "Npm8",
        "task": {
          "id": "fe47e961-9fa8-4106-8639-368c022d43ad",
          "versionSpec": "1.*",
          "definitionType": "task"
        },
        "inputs": {
          "command": "install",
          "workingDir": "$(UI_SubDirectory)",
          "customCommand": "",
          "customRegistry": "useNpmrc",
          "customFeed": "",
          "customEndpoint": "",
          "publishRegistry": "useExternalRegistry",
          "publishFeed": "",
          "publishEndpoint": ""
        }
      },
      {
        "environment": {},
        "enabled": true,
        "continueOnError": false,
        "alwaysRun": false,
        "displayName": "Run NPM Build: ProjectTokyoPortal (Next)",
        "timeoutInMinutes": 0,
        "refName": "Npm9",
        "task": {
          "id": "fe47e961-9fa8-4106-8639-368c022d43ad",
          "versionSpec": "1.*",
          "definitionType": "task"
        },
        "inputs": {
          "command": "custom",
          "workingDir": "$(UI_SubDirectory)",
          "customCommand": "run build",
          "customRegistry": "useNpmrc",
          "customFeed": "",
          "customEndpoint": "",
          "publishRegistry": "useExternalRegistry",
          "publishFeed": "",
          "publishEndpoint": ""
        }
      },
      {
        "environment": {},
        "enabled": true,
        "continueOnError": false,
        "alwaysRun": false,
        "displayName": "Execute Azure SQL: ProjectTokyoDBNext",
        "timeoutInMinutes": 0,
        "refName": "SqlAzureDacpacDeployment6",
        "task": {
          "id": "ce85a08b-a538-4d2b-8589-1d37a9ab970f",
          "versionSpec": "1.*",
          "definitionType": "task"
        },
        "inputs": {
          "ConnectedServiceNameSelector": "ConnectedServiceNameARM",
          "ConnectedServiceName": "",
          "ConnectedServiceNameARM": "$(Parameters.ConnectedServiceName)",
          "ServerName": "tcp:projecttokyosqlnext.database.windows.net,1433",
          "DatabaseName": "ProjectTokyoDBNext",
          "SqlUsername": "$(SQLServerAdminUserName)",
          "SqlPassword": "$(SQLServerAdminPassword)",
          "TaskNameSelector": "DacpacTask",
          "DacpacFile": "$(System.DefaultWorkingDirectory)/$(BiddingDBDirectory)/$(BinaryGeneratedPath)/$(DACPACFileName)",
          "SqlFile": "$(System.DefaultWorkingDirectory)/$(BiddingDBName)/$(BiddingDBName)",
          "SqlInline": "",
          "PublishProfile": "",
          "AdditionalArguments": "",
          "SqlAdditionalArguments": "",
          "InlineAdditionalArguments": "",
          "IpDetectionMethod": "AutoDetect",
          "StartIpAddress": "",
          "EndIpAddress": "",
          "DeleteFirewallRule": "true"
        }
      },
      {
        "environment": {},
        "enabled": true,
        "continueOnError": false,
        "alwaysRun": false,
        "displayName": "Azure Deploy: ProjectTokyoBiddingAPI-Next",
        "timeoutInMinutes": 0,
        "refName": "AzureRmWebAppDeployment4",
        "task": {
          "id": "497d490f-eea7-4f2b-ab94-48d9c1acdcb1",
          "versionSpec": "3.*",
          "definitionType": "task"
        },
        "inputs": {
          "ConnectedServiceName": "$(Parameters.ConnectedServiceName)",
          "WebAppName": "ProjectTokyoBidding",
          "ServerfarmId": "/subscriptions/8eef9538-3498-4d65-90be-bdfd860a567b/resourceGroups/RG-NonProd-ProjectTokyo/providers/Microsoft.Web/serverfarms/AppServicePlan-ProjectTokyoBidding",
          "WebAppKind": "app",
          "DeployToSlotFlag": "true",
          "ResourceGroupName": "$(Parameters.ResourceGroupName)",
          "SlotName": "$(Parameters.SlotName)",
          "DockerNamespace": "",
          "DockerRepository": "",
          "DockerImageTag": "",
          "StartupCommand": "",
          "VirtualApplication": "",
          "Package": "$(Build.ArtifactStagingDirectory)\\**\\GreaterGiving.Tokyo.BiddingService.zip",
          "WebAppUri": "",
          "ScriptType": "",
          "InlineScript": ":: You can provide your deployment commands here. One command per line.",
          "ScriptPath": "",
          "GenerateWebConfig": "false",
          "WebConfigParameters": "",
          "AppSettings": "",
          "TakeAppOfflineFlag": "false",
          "UseWebDeploy": "true",
          "SetParametersFile": "",
          "RemoveAdditionalFilesFlag": "false",
          "ExcludeFilesFromAppDataFlag": "true",
          "AdditionalArguments": "",
          "RenameFilesFlag": "false",
          "XmlTransformation": "false",
          "XmlVariableSubstitution": "false",
          "JSONFiles": ""
        }
      },
      {
        "environment": {},
        "enabled": true,
        "continueOnError": false,
        "alwaysRun": false,
        "displayName": "Azure Deploy: ProjectTokyoIdentityAPI-Next",
        "timeoutInMinutes": 0,
        "refName": "ClonedAzureRmWebAppDeployment47",
        "task": {
          "id": "497d490f-eea7-4f2b-ab94-48d9c1acdcb1",
          "versionSpec": "3.*",
          "definitionType": "task"
        },
        "inputs": {
          "ConnectedServiceName": "$(Parameters.ConnectedServiceName)",
          "WebAppName": "ProjectTokyoIdentity",
          "ServerfarmId": "/subscriptions/8eef9538-3498-4d65-90be-bdfd860a567b/resourceGroups/RG-NonProd-ProjectTokyo/providers/Microsoft.Web/serverfarms/AppServicePlan-ProjectTokyoIdentity",
          "WebAppKind": "app",
          "DeployToSlotFlag": "true",
          "ResourceGroupName": "$(Parameters.ResourceGroupName)",
          "SlotName": "$(Parameters.SlotName)",
          "DockerNamespace": "",
          "DockerRepository": "",
          "DockerImageTag": "",
          "StartupCommand": "",
          "VirtualApplication": "",
          "Package": "$(Build.ArtifactStagingDirectory)\\**\\GreaterGiving.Tokyo.IdentityService.zip",
          "WebAppUri": "",
          "ScriptType": "",
          "InlineScript": ":: You can provide your deployment commands here. One command per line.",
          "ScriptPath": "",
          "GenerateWebConfig": "false",
          "WebConfigParameters": "",
          "AppSettings": "",
          "TakeAppOfflineFlag": "false",
          "UseWebDeploy": "true",
          "SetParametersFile": "",
          "RemoveAdditionalFilesFlag": "false",
          "ExcludeFilesFromAppDataFlag": "true",
          "AdditionalArguments": "",
          "RenameFilesFlag": "false",
          "XmlTransformation": "false",
          "XmlVariableSubstitution": "false",
          "JSONFiles": ""
        }
      },
      {
        "environment": {},
        "enabled": true,
        "continueOnError": false,
        "alwaysRun": false,
        "displayName": "Azure Deploy: ProjectTokyoPortal-Next",
        "timeoutInMinutes": 0,
        "refName": "ClonedClonedAzureRmWebAppDeployment4710",
        "task": {
          "id": "497d490f-eea7-4f2b-ab94-48d9c1acdcb1",
          "versionSpec": "3.*",
          "definitionType": "task"
        },
        "inputs": {
          "ConnectedServiceName": "$(Parameters.ConnectedServiceName)",
          "WebAppName": "ProjectTokyoPortal",
          "ServerfarmId": "/subscriptions/8eef9538-3498-4d65-90be-bdfd860a567b/resourceGroups/RG-NonProd-ProjectTokyo/providers/Microsoft.Web/serverfarms/AppServicePlan-ProjectTokyoPortal",
          "WebAppKind": "app",
          "DeployToSlotFlag": "true",
          "ResourceGroupName": "$(Parameters.ResourceGroupName)",
          "SlotName": "$(Parameters.SlotName)",
          "DockerNamespace": "",
          "DockerRepository": "",
          "DockerImageTag": "",
          "StartupCommand": "",
          "VirtualApplication": "",
          "Package": "$(System.DefaultWorkingDirectory)/$(UI_SubDirectory)/Dist",
          "WebAppUri": "",
          "ScriptType": "",
          "InlineScript": ":: You can provide your deployment commands here. One command per line.",
          "ScriptPath": "",
          "GenerateWebConfig": "false",
          "WebConfigParameters": "",
          "AppSettings": "",
          "TakeAppOfflineFlag": "false",
          "UseWebDeploy": "true",
          "SetParametersFile": "",
          "RemoveAdditionalFilesFlag": "true",
          "ExcludeFilesFromAppDataFlag": "true",
          "AdditionalArguments": "",
          "RenameFilesFlag": "false",
          "XmlTransformation": "false",
          "XmlVariableSubstitution": "false",
          "JSONFiles": ""
        }
      },
      {
        "environment": {},
        "enabled": true,
        "continueOnError": false,
        "alwaysRun": true,
        "displayName": "Drop Build Artifacts: API Services (Next)",
        "timeoutInMinutes": 0,
        "refName": "PublishBuildArtifacts6",
        "task": {
          "id": "2ff763a7-ce83-4e1f-bc89-0ae63477cebe",
          "versionSpec": "1.*",
          "definitionType": "task"
        },
        "inputs": {
          "PathtoPublish": "$(Build.ArtifactStagingDirectory)",
          "ArtifactName": "Drop_APIServices",
          "ArtifactType": "Container",
          "TargetPath": "\\\\my\\share\\$(Build.DefinitionName)\\$(Build.BuildNumber)",
          "Parallel": "false",
          "ParallelCount": "8"
        }
      },
      {
        "environment": {},
        "enabled": true,
        "continueOnError": false,
        "alwaysRun": true,
        "displayName": "Drop Build Artifacts: Portal (Next)",
        "timeoutInMinutes": 0,
        "refName": "ClonedPublishBuildArtifacts611",
        "task": {
          "id": "2ff763a7-ce83-4e1f-bc89-0ae63477cebe",
          "versionSpec": "1.*",
          "definitionType": "task"
        },
        "inputs": {
          "PathtoPublish": "$(System.DefaultWorkingDirectory)/$(UI_SubDirectory)/Dist",
          "ArtifactName": "Drop_Portal",
          "ArtifactType": "Container",
          "TargetPath": "\\\\my\\share\\$(Build.DefinitionName)\\$(Build.BuildNumber)",
          "Parallel": "false",
          "ParallelCount": "8"
        }
      }
    ],
    "options": [
      {
        "enabled": true,
        "definition": { "id": "5d58cc01-7c75-450c-be18-a388ddb129ec" },
        "inputs": {
          "branchFilters": "[\"+refs/heads/*\"]",
          "additionalFields": "{}"
        }
      },
      {
        "enabled": false,
        "definition": { "id": "7c555368-ca64-4199-add6-9ebaf0b0137d" },
        "inputs": {
          "multipliers": "[]",
          "parallel": "false",
          "continueOnError": "true",
          "additionalFields": "{}"
        }
      },
      {
        "enabled": false,
        "definition": { "id": "a9db38f9-9fdc-478c-b0f9-464221e58316" },
        "inputs": {
          "workItemType": "610459",
          "assignToRequestor": "true",
          "additionalFields": "{}"
        }
      },
      {
        "enabled": false,
        "definition": { "id": "57578776-4c22-4526-aeb0-86b6da17ee9c" },
        "inputs": {}
      }
    ],
    "variables": {
      "BiddingDBDirectory": { "value": "GreaterGivingTokyo/BiddingDB" },
      "BinaryGeneratedPath": { "value": "bin/Release" },
      "BuildConfiguration": { "value": "Release" },
      "BuildPlatform": { "value": "x64" },
      "DACPACFileName": { "value": "ProjectTokyoDB.dacpac" },
      "system.debug": { "value": "false" },
      "UI_SubDirectory": { "value": "GreaterGivingTokyo_UI" },
      "SQLServerAdminPassword": {
        "value": null,
        "isSecret": true
      },
      "SQLServerAdminUserName": {
        "value": null,
        "isSecret": true
      }
    },
    "retentionRules": [
      {
        "branches": [ "+refs/heads/*" ],
        "artifacts": [],
        "artifactTypesToDelete": [ "FilePath", "SymbolStore" ],
        "daysToKeep": 10,
        "minimumToKeep": 1,
        "deleteBuildRecord": true,
        "deleteTestResults": true
      }
    ],
    "_links": {
      "self": { "href": "https://projecttokyo.visualstudio.com/2c447db1-1504-44c3-9dda-4ecfd22f05e4/_apis/build/Definitions/5" },
      "web": { "href": "https://projecttokyo.visualstudio.com/_permalink/_build/index?collectionId=fef21fdb-c98e-4172-8267-a33509e4f19a&projectId=2c447db1-1504-44c3-9dda-4ecfd22f05e4&definitionId=5" },
      "editor": { "href": "https://projecttokyo.visualstudio.com/_permalink/_build/definitionEditor?collectionId=fef21fdb-c98e-4172-8267-a33509e4f19a&projectId=2c447db1-1504-44c3-9dda-4ecfd22f05e4&definitionId=5" }
    },
    "buildNumberFormat": "$(date:yyyyMMdd)$(rev:.r)",
    "jobAuthorizationScope": 1,
    "jobTimeoutInMinutes": 60,
    "jobCancelTimeoutInMinutes": 5,
    "repository": {
      "properties": {
        "cleanOptions": "0",
        "gitLfsSupport": "false",
        "skipSyncSource": "false",
        "checkoutNestedSubmodules": "false",
        "fetchDepth": "0",
        "connectedServiceId": "0cd9fff1-cdce-4091-a4b2-2e230953d7e5"
      },
      "id": "https://SriramTKS@bitbucket.org/greatergiving/gg_tokyo.git",
      "type": "Git",
      "name": "GG_Tokyo",
      "url": "https://SriramTKS@bitbucket.org/greatergiving/gg_tokyo.git",
      "defaultBranch": "develop",
      "clean": "false",
      "checkoutSubmodules": false
    },
    "processParameters": {
      "inputs": [
        {
          "options": {},
          "properties": {},
          "name": "solution",
          "label": "Solution",
          "defaultValue": "**\\*.sln",
          "required": true,
          "type": "filePath",
          "helpMarkDown": "Relative path from repo root of the solution(s) or MSBuild project to run.  Wildcards can be used.  For example, `**\\\\*.sln` for all sln files in all sub folders.",
          "visibleRule": "",
          "groupName": ""
        },
        {
          "options": {},
          "properties": {},
          "name": "ConnectedServiceName",
          "label": "Azure subscription",
          "defaultValue": "d5c2e6bc-113b-43b3-8b1f-871b11780c08",
          "required": true,
          "type": "connectedService:AzureRM",
          "helpMarkDown": "Select the Azure Resource Manager subscription for the deployment.",
          "visibleRule": "",
          "groupName": ""
        },
        {
          "options": {},
          "properties": { "EditableOptions": "True" },
          "name": "ResourceGroupName",
          "label": "Resource group",
          "defaultValue": "RG-NonProd-ProjectTokyo",
          "required": true,
          "type": "pickList",
          "helpMarkDown": "Enter or Select the Azure Resource group that contains the Azure App Service specified above.",
          "visibleRule": "",
          "groupName": ""
        },
        {
          "options": {},
          "properties": { "EditableOptions": "True" },
          "name": "SlotName",
          "label": "Slot",
          "defaultValue": "Next",
          "required": true,
          "type": "pickList",
          "helpMarkDown": "Enter or Select an existing Slot other than the Production slot.",
          "visibleRule": "",
          "groupName": ""
        }
      ],
      "dataSourceBindings": [
        {
          "dataSourceName": "AzureRMWebAppNames",
          "parameters": {},
          "endpointId": "$(connectedServiceName)",
          "target": "WebAppName"
        },
        {
          "dataSourceName": "AzureRMWebAppResourceGroup",
          "parameters": { "WebAppName": "$(WebAppName)" },
          "endpointId": "$(ConnectedServiceName)",
          "target": "ResourceGroupName"
        },
        {
          "dataSourceName": "AzureRMWebAppSlotsId",
          "parameters": {
            "WebAppName": "$(WebAppName)",
            "ResourceGroupName": "$(ResourceGroupName)"
          },
          "endpointId": "$(ConnectedServiceName)",
          "target": "SlotName",
          "resultTemplate": "{\"Value\":\"{{{ #extractResource slots}}}\",\"DisplayValue\":\"{{{ #extractResource slots}}}\"}"
        }
      ]
    },
    "quality": 1,
    "authoredBy": {
      "id": "2884ba42-73cd-6668-8564-0724a7aef2c7",
      "displayName": "SriRam SambaSivan",
      "uniqueName": "sriram.sambasivan@dhaglandgreatergiving.onmicrosoft.com",
      "url": "https://app.vssps.visualstudio.com/A07d79b79-c3d6-40fb-a850-0191dd92e03d/_apis/Identities/2884ba42-73cd-6668-8564-0724a7aef2c7",
      "imageUrl": "https://projecttokyo.visualstudio.com/_api/_common/identityImage?id=2884ba42-73cd-6668-8564-0724a7aef2c7"
    },
    "queue": {
      "id": 6,
      "name": "Hosted",
      "pool": {
        "id": 2,
        "name": "Hosted",
        "isHosted": true
      }
    },
    "id": 5,
    "name": "ProjectTokyo-Azure-CI-Next",
    "url": "https://projecttokyo.visualstudio.com/2c447db1-1504-44c3-9dda-4ecfd22f05e4/_apis/build/Definitions/5",
    "uri": "vstfs:///Build/Definition/5",
    "path": "\\",
    "type": 2,
    "revision": 2,
    "createdDate": "2017-07-27T04:20:02.793Z",
    "project": {
      "id": "2c447db1-1504-44c3-9dda-4ecfd22f05e4",
      "name": "GG_ProjectTokyo",
      "url": "https://projecttokyo.visualstudio.com/_apis/projects/2c447db1-1504-44c3-9dda-4ecfd22f05e4",
      "state": "wellFormed",
      "revision": 16,
      "visibility": 0
    }
  },
  "metaData": {
    "customTasks": [
      {
        "author": "ms-vscs-rm",
        "friendlyName": "Download Artifacts - Bitbucket",
        "id": "a4cd16be-6028-4077-8015-34f008f55477",
        "version": "1.0.0"
      }
    ],
    "serviceEndpoints": []
  }
}
