{
  "$schema": "https://schema.management.azure.com/schemas/2015-01-01/deploymentTemplate.json#",
  "contentVersion": "1.0.0.0",
  "parameters": {
    // Infrastructure Environment
    "environment": {
      "defaultValue": "Dev",
      "type": "string",
      "maxLength": 7,
      "allowedValues": [ "Dev", "Next", "Preview", "Future", "Release", "Stage", "Prod" ]
    },
    // Base resource name -> This will become a part of all URIs and names.
    // This needs to be as unique as possible to represent the organization/product
    // Limit this to 12 characters (only alpha numeric characters)
    "base_Resource_Name": {
      "defaultValue": "ProjectTokyo",
      "type": "string",
      "maxLength": 12
    },
    // SQL Server admin user name
    "sqlServer_Admin_Username": {
      "defaultValue": "ProjectTokyo",
      "type": "string"
    },
    // SQL Server admin password
    "sqlServer_Admin_Password": {
      "defaultValue": "ProjTokyo007",
      "type": "securestring"
    }
  },
  "variables": {
    "storageType": "Standard_GRS",
    "storageAccountName": "[toLower(concat(parameters('base_Resource_Name'), 'Stor', parameters('environment')))]", // 3 to 24, only lowercase
    "appInsightsName": "[concat('AppInsights-FuncApp-', parameters('base_Resource_Name'), parameters('environment'))]",
    "functionAppName": "[concat(parameters('base_Resource_Name'), 'FuncApp', parameters('environment'))]",
    "storageAccountId": "[concat(resourceGroup().id,'/providers/','Microsoft.Storage/storageAccounts/', variables('storageAccountName'))]",
    "sqlserverPrimaryName": "[toLower(concat(parameters('base_Resource_Name'), 'Sql', parameters('environment')))]", // only lowercase
    "databaseName": "[concat(parameters('base_Resource_Name'), 'DB', parameters('environment'))]",
    "sqlserverReplica1Name": "[toLower(concat(parameters('base_Resource_Name'), 'SqlReplica', parameters('environment')))]",
    "namespacesServiceBusName": "[concat(parameters('base_Resource_Name'), 'ServiceBus', parameters('environment'))]",
    "cdnProfileName": "[concat(parameters('base_Resource_Name'), 'CDN', parameters('environment'))]",
    // Names of the blob containers (to be) created in the storage account to serve as the origin paths for CDN endpoints
    "containerOrigins": [
      "projecttokyoappealassets",
      "projecttokyoorgassets",
      "projecttokyopkgassets",
      "projecttokyowebassets"
    ]
  },
  "resources": [
    {
      "type": "Microsoft.ServiceBus/namespaces",
      "sku": {
        "name": "Standard"
      },
      "tags": {
        "displayName": "ServiceBus"
      },
      "kind": "Messaging",
      "name": "[variables('namespacesServiceBusName')]",
      "apiVersion": "2015-08-01",
      "location": "[resourceGroup().location]",
      "tags": {},
      "scale": null,
      "properties": {},
      "dependsOn": []
    },
    {
      "type": "Microsoft.Sql/servers",
      "kind": "v12.0",
      "name": "[variables('sqlserverPrimaryName')]",
      "apiVersion": "2014-01-01",
      "location": "[resourceGroup().location]",
      "tags": {
        "displayName": "SqlServer"
      },
      "scale": null,
      "properties": {
        "administratorLogin": "[parameters('sqlServer_Admin_Username')]",
        "administratorLoginPassword": "[parameters('sqlServer_Admin_Password')]",
        "version": "12.0"
      },
      "resources": [
        {
          "name": "[variables('databaseName')]",
          "type": "databases",
          "location": "[resourceGroup().location]",
          "tags": {
            "displayName": "SqlDatabase"
          },
          "apiVersion": "2015-01-01",
          "dependsOn": [
            "[variables('sqlserverPrimaryName')]"
          ],
          "properties": {
            "edition": "Standard",
            "requestedServiceObjectiveName": "S3",
            "collation": "SQL_Latin1_General_CP1_CI_AS",
            "maxSizeBytes": "268435456000"
          }
        },
        {
          "type": "firewallrules",
          "apiVersion": "2014-01-01",
          "dependsOn": [
            "[variables('sqlserverPrimaryName')]"
          ],
          "location": "[resourceGroup().location]",
          "name": "AllowAllWindowsAzureIPs1",
          "properties": {
            "endIpAddress": "0.0.0.0",
            "startIpAddress": "0.0.0.0"
          }
        }
      ]
    },
    {
      "type": "Microsoft.Sql/servers",
      "kind": "v12.0",
      "name": "[variables('sqlserverReplica1Name')]",
      "apiVersion": "2014-01-01",
      "location": "East US",
      "tags": {
        "displayName": "SqlServer"
      },
      "scale": null,
      "properties": {
        "administratorLogin": "[parameters('sqlServer_Admin_Username')]",
        "administratorLoginPassword": "[parameters('sqlServer_Admin_Password')]",
        "version": "12.0"
      },
      "resources": [
        {
          "name": "[variables('databaseName')]",
          "type": "databases",
          "location": "East US",
          "tags": {
            "displayName": "SqlDatabase"
          },
          "apiVersion": "2015-01-01",
          "dependsOn": [
            "[variables('sqlserverReplica1Name')]",
            "[resourceId('Microsoft.Sql/servers/databases', variables('sqlserverPrimaryName'), variables('databaseName'))]"
          ],
          "properties": {
            "createMode": "OnlineSecondary",
            "sourceDatabaseId": "[resourceId('Microsoft.Sql/servers/databases', variables('sqlserverPrimaryName'), variables('databaseName'))]",
            "requestedServiceObjectiveName": "S3",
            "edition": "Standard",
            "collation": "SQL_Latin1_General_CP1_CI_AS",
            "maxSizeBytes": "268435456000"
          }
        },
        {
          "type": "firewallrules",
          "apiVersion": "2014-01-01",
          "dependsOn": [
            "[variables('sqlserverReplica1Name')]"
          ],
          "location": "East US",
          "name": "AllowAllWindowsAzureIPs2",
          "properties": {
            "endIpAddress": "0.0.0.0",
            "startIpAddress": "0.0.0.0"
          }
        }
      ],
      "dependsOn": [
        "[variables('sqlserverPrimaryName')]"
      ]
    },
    {
      "name": "[variables('storageAccountName')]",
      "type": "Microsoft.Storage/storageAccounts",
      "kind": "Storage",
      "location": "[resourceGroup().location]",
      "apiVersion": "2016-01-01",
      "sku": {
        "name": "[variables('storageType')]"
      },
      "properties": {},
      "dependsOn": [],
      "tags": {
        "displayName": "Storage"
      }
    },
    {
      "apiVersion": "2016-03-01",
      "type": "Microsoft.Web/sites",
      "name": "[variables('functionAppName')]",
      "location": "[resourceGroup().location]",
      "kind": "functionapp",
      "dependsOn": [
        "[variables('storageAccountName')]"
      ],
      "tags": {
        "displayName": "FunctionApp"
      },
      "properties": {
        "siteConfig": {
          "netFrameworkVersion": "v4.7",
          "use32BitWorkerProcess": false, // 64-bit platform
          "appSettings": [
            {
              "name": "AzureWebJobsDashboard",
              "value": "[concat('DefaultEndpointsProtocol=https;AccountName=', variables('storageAccountName'), ';AccountKey=', listKeys(variables('storageAccountId'), '2016-01-01').keys[0].value)]"
            },
            {
              "name": "AzureWebJobsStorage",
              "value": "[concat('DefaultEndpointsProtocol=https;AccountName=', variables('storageAccountName'), ';AccountKey=', listKeys(variables('storageAccountId'), '2016-01-01').keys[0].value)]"
            },
            {
              "name": "WEBSITE_CONTENTAZUREFILECONNECTIONSTRING",
              "value": "[concat('DefaultEndpointsProtocol=https;AccountName=', variables('storageAccountName'), ';AccountKey=', listKeys(variables('storageAccountId'), '2016-01-01').keys[0].value)]"
            },
            {
              "name": "WEBSITE_CONTENTSHARE",
              "value": "[toLower(variables('functionAppName'))]"
            },
            {
              "name": "FUNCTIONS_EXTENSION_VERSION",
              "value": "~1"
            },
            {
              "name": "WEBSITE_NODE_DEFAULT_VERSION",
              "value": "6.5.0"
            },
            {
              "name": "APPINSIGHTS_INSTRUMENTATIONKEY",
              "value": "[reference(resourceId('Microsoft.Insights/components/', variables('appInsightsName')), '2015-05-01').InstrumentationKey]"
            }
          ]
        }
      }
    },
    {
      "apiVersion": "2015-05-01",
      "name": "[variables('appInsightsName')]",
      "type": "Microsoft.Insights/components",
      "location": "East US",
      "tags": {
        "displayName": "AppInsightsFunctionApp"
      },
      "properties": {
        "ApplicationId": "[variables('appInsightsName')]",
      }
    },
    {
      "name": "[variables('cdnProfileName')]",
      "type": "Microsoft.Cdn/profiles",
      "location": "[resourceGroup().location]",
      "apiVersion": "2016-04-02",
      "sku": {
        "name": "Standard_Verizon"
      },
      "dependsOn": [],
      "tags": {
        "displayName": "CDNProfile"
      }
    },
    {
      "name": "[concat(variables('cdnProfileName'), '/', variables('containerOrigins')[copyIndex()], parameters('environment'))]",
      "type": "Microsoft.Cdn/profiles/endpoints",
      "location": "[resourceGroup().location]",
      "apiVersion": "2016-04-02",
      "dependsOn": [
        "[resourceId('Microsoft.Cdn/profiles', variables('cdnProfileName'))]",
        "[variables('storageAccountName')]"
      ],
      "tags": {
        "displayName": "CDNEndpoint"
      },
      "properties": {
        "originHostHeader": "[replace(replace(reference(variables('storageAccountName')).primaryEndpoints.blob,'https://',''),'/','')]",
        "isHttpAllowed": true,
        "isHttpsAllowed": true,
        "queryStringCachingBehavior": "UseQueryString",
        "contentTypesToCompress": [
          "text/plain",
          "text/html",
          "text/css",
          "application/x-javascript",
          "text/javascript"
        ],
        "isCompressionEnabled": true,
        "originPath": "[concat('/', toLower(variables('containerOrigins')[copyIndex()]))]",
        "origins": [
          {
            "name": "[concat('origin', variables('containerOrigins')[copyIndex()])]",
            "properties": {
              "hostName": "[replace(replace(reference(variables('storageAccountName')).primaryEndpoints.blob,'https://',''),'/','')]"
            }
          }
        ]
      },
      "copy": {
        "name": "cdnEndpoint",
        "count": "[length(variables('containerOrigins'))]"
      }
    }
  ]
}
