{
  "$schema": "https://schema.management.azure.com/schemas/2015-01-01/deploymentParameters.json#",
  "contentVersion": "1.0.0.0",
  "parameters": {
    // Base resource name -> This will become a part of all URIs and names
    // This needs to be as unique as possible to represent the organization/product.
    // Limit this to 12 characters (only alpha numeric characters)
    "base_Resource_Name": {
      "value": "ProjectTokyo"
    },

    // Infrastructure Environment
    // Allowed values: "Dev", "Next", "Preview", "Future", "Release", "Stage", "Prod"
    "environment": {
      "value": "Dev"
    },

    // SQL Server admin user name
    "sqlServer_Admin_Username": {
      "value": "ProjectTokyo"
    },

    // SQL Server admin password
    "sqlServer_Admin_Password": {
      "value": "ProjTokyo007"
    }
  }
}
