﻿{
  "IsEncrypted": false,
  "Values": {
    "AzureWebJobsStorage": "DefaultEndpointsProtocol=https;AccountName=projecttokyostordev;AccountKey=js5VKfkdf05hlfvz7MUT4F49fAhrSVKk25vEgNheYpzvq3GLq5geY75CklsDCzCW3PDKaj0EOxcFDfMm4rWlmA==",
    "AzureWebJobsDashboard": "DefaultEndpointsProtocol=https;AccountName=projecttokyostordev;AccountKey=js5VKfkdf05hlfvz7MUT4F49fAhrSVKk25vEgNheYpzvq3GLq5geY75CklsDCzCW3PDKaj0EOxcFDfMm4rWlmA==",
    "IdentityAPIServiceEndpoint": "https://identity.next.ggo.bid/Identity/API/CreateAppToken",
    "BiddingAPIServiceEndpoint": "https://bidding.next.ggo.bid/SecureBidding/API/Sales"
  },
  "Host": {
    "LocalHttpPort": 7071,
    "CORS": "0 */10 * * * *"    
  },
  "ConnectionStrings": {
    "BiddingDBContext": "Data Source=tcp:projecttokyodev.database.windows.net,1433; User ID=ProjectTokyo; Password=ProjTokyo007; Initial Catalog=ProjectTokyoDBDev;"
  }
}