<?xml version="1.0"?>
<doc>
    <assembly>
        <name>GreaterGiving.Tokyo.IdentityService</name>
    </assembly>
    <members>
        <member name="T:GreaterGiving.Tokyo.IdentityService.Controllers.IdentityController">
            <summary>
            Identity Controller
            </summary>
            <returns></returns>
        </member>
        <member name="M:GreaterGiving.Tokyo.IdentityService.Controllers.IdentityController.#ctor">
            <summary>
            Constructor IdentityController
            </summary>
        </member>
        <member name="M:GreaterGiving.Tokyo.IdentityService.Controllers.IdentityController.#ctor(GreaterGiving.Tokyo.Identity.Domain.Contracts.IIdentityDomain)">
            <summary>
            Constructor IdentityController
            </summary>
            <param name="identityDomain">identityDomain</param>
        </member>
        <member name="M:GreaterGiving.Tokyo.IdentityService.Controllers.IdentityController.CreateToken(System.String)">
            <summary>
            Create Token for Bidder and returns token, if the onlineBidderKey is available
            </summary>
            <param name="onlineBidderKey">onlineBidderKey</param>
            <returns>IHttpActionResult></returns>
        </member>
        <member name="M:GreaterGiving.Tokyo.IdentityService.Controllers.IdentityController.CreateAppToken(System.String)">
            <summary>
            Create Token for Application and returns token, if the supplied key matches with web.config APPTokenKey
            </summary>
            <param name="key">key</param>
            <returns>IHttpActionResult</returns>
        </member>
        <member name="M:GreaterGiving.Tokyo.IdentityService.Controllers.IdentityController.CreateAdminToken(System.String,System.String)">
            <summary>
            Create Token for Admin Application and returns token, if the supplied username(prefix) and password matches with database
            </summary>
            <param name="userName">userName</param>
            <param name="password">password</param>
            <returns>IHttpActionResult</returns>
        </member>
    </members>
</doc>
